"index","country","year","gdp","infrate","trade","schooling","invest60","invest70","invest80","industry"
1,"USA",1960,71.1157496750817,NA,9.69318103790283,43.7999992370605,NA,NA,NA,NA
1,"USA",1961,71.580481272892,1.07518196105957,9.44465446472168,NA,NA,NA,NA,NA
1,"USA",1962,74.7351423732819,1.11607098579407,9.42932415008545,NA,NA,NA,NA,NA
1,"USA",1963,76.8540033870269,1.21412801742554,9.47070598602295,NA,NA,NA,NA,NA
1,"USA",1964,80.1858926391241,1.30861496925354,9.72587871551514,NA,NA,NA,NA,NA
1,"USA",1965,84.2424481115356,1.66846096515656,9.7303466796875,43.7999992370605,NA,NA,NA,NA
1,"USA",1966,88.7282895514159,2.9909999370575,10.0975923538208,NA,NA,NA,NA,NA
1,"USA",1967,89.9610098066244,2.7756359577179,10.2081022262573,NA,NA,NA,NA,NA
1,"USA",1968,93.3047142688354,4.2177209854126,10.593936920166,NA,NA,NA,NA,NA
1,"USA",1969,95.2896695679571,5.41470098495483,10.6356334686279,NA,NA,NA,NA,NA
1,"USA",1970,94.3562679689654,5.89529609680176,11.3886413574219,44.4000015258789,NA,NA,NA,NA
1,"USA",1971,96.0734118388405,4.2559289932251,11.3675756454468,NA,NA,NA,NA,34.5086288452148
1,"USA",1972,100.090583277539,3.30561494827271,11.9671583175659,NA,NA,NA,NA,34.4442901611328
1,"USA",1973,104.769406482612,6.22006416320801,13.7135648727417,NA,NA,NA,NA,34.3752098083496
1,"USA",1974,103.52487101729,11.0352602005005,17.3161354064941,NA,NA,NA,NA,34.036060333252
1,"USA",1975,102.225197904769,9.13193035125732,16.3796901702881,42.5999984741211,NA,NA,NA,33.2256698608398
1,"USA",1976,106.565318419913,5.73702716827393,16.8736591339111,NA,NA,NA,NA,33.7608489990234
1,"USA",1977,110.279232799023,6.48646020889282,17.2205905914307,NA,NA,NA,NA,34.2646408081055
1,"USA",1978,115.340081131109,7.64746379852295,17.8061904907227,NA,NA,NA,NA,34.0372314453125
1,"USA",1979,117.951242566264,11.2660398483276,19.2805461883545,NA,NA,NA,NA,33.6264801025391
1,"USA",1980,116.620062226773,13.5093698501587,21.081579208374,62.9000015258789,0.238839998841286,0.245680004358292,22.3759994506836,33.5143890380859
1,"USA",1981,118.37265172699,10.3155298233032,20.3632411956787,NA,NA,NA,NA,34.0882797241211
1,"USA",1982,115.040762474893,6.16061592102051,18.4716205596924,NA,NA,NA,NA,32.9096908569336
1,"USA",1983,118.77436887086,3.21243500709534,17.6243076324463,NA,NA,NA,NA,31.4972190856934
1,"USA",1984,126.328226536962,4.31726884841919,18.5770130157471,NA,NA,NA,NA,31.8727798461914
1,"USA",1985,130.057894529558,3.56111598014832,17.6424083709717,57.4000015258789,NA,NA,NA,30.8645191192627
1,"USA",1986,133.314954117601,1.85873603820801,17.9541244506836,NA,NA,NA,NA,29.4432601928711
1,"USA",1987,136.780749084321,3.74087595939636,19.1161861419678,NA,NA,NA,NA,29.1997299194336
1,"USA",1988,141.242960103974,4.00908803939819,20.3308181762695,NA,NA,NA,NA,29.6064891815186
1,"USA",1989,144.759954314521,4.82700300216675,20.7302932739258,NA,NA,NA,NA,28.6190395355225
1,"USA",1990,145.650033476429,5.39795589447021,21.1879501342773,44.4000015258789,NA,NA,NA,27.85032081604
1,"USA",1991,143.60977368868,4.23496389389038,21.2663497924805,NA,NA,NA,NA,26.620059967041
1,"USA",1992,146.66731926287,3.0288200378418,21.5422096252441,NA,NA,NA,NA,25.7284297943115
1,"USA",1993,148.720157407516,2.95165705680847,21.5576496124268,NA,NA,NA,NA,25.6100101470947
1,"USA",1994,152.838722271642,2.60744190216064,22.6182193756104,NA,NA,NA,NA,26.082950592041
1,"USA",1995,155.136171877706,2.805419921875,24.2739791870117,44.5999984741211,NA,NA,NA,26.2928504943848
1,"USA",1996,159.161714904243,2.93120408058167,24.5824699401855,NA,NA,NA,NA,25.785400390625
1,"USA",1997,164.32070548482,2.33769011497498,25.5915393829346,NA,NA,NA,NA,25.3842906951904
1,"USA",1998,169.637895400321,1.55227899551392,24.6905689239502,NA,NA,NA,NA,25.0188407897949
1,"USA",1999,175.557672510029,2.18802690505981,NA,NA,NA,NA,NA,24.7250499725342
1,"USA",2000,180.719430106293,3.37685704231262,NA,39.5999984741211,NA,NA,NA,24.443489074707
1,"USA",2001,180.686105919246,2.82617092132568,NA,NA,NA,NA,NA,23.0485801696777
1,"USA",2002,182.215335715144,1.58603203296661,NA,NA,NA,NA,NA,NA
1,"USA",2003,185.727207558345,2.27009510993958,NA,NA,NA,NA,NA,NA
2,"UK",1960,54.2711984561459,NA,43.2554702758789,24.5,NA,NA,NA,NA
2,"UK",1961,55.6023787956363,3.57941794395447,41.5332412719727,NA,NA,NA,NA,NA
2,"UK",1962,55.6535780394628,4.10367202758789,40.4046325683594,NA,NA,NA,NA,NA
2,"UK",1963,57.4337363632783,2.07468891143799,40.4065856933594,NA,NA,NA,NA,NA
2,"UK",1964,60.0645898152889,3.21138191223145,40.5187644958496,NA,NA,NA,NA,NA
2,"UK",1965,61.2224804064432,4.80504083633423,39.2253379821777,26.5,NA,NA,NA,NA
2,"UK",1966,62.0574219211532,3.90830492973328,38.9646339416504,NA,NA,NA,NA,NA
2,"UK",1967,63.0853452010555,2.42314600944519,39.3131866455078,NA,NA,NA,NA,NA
2,"UK",1968,65.3499271395376,4.73163795471191,43.6651306152344,NA,NA,NA,NA,NA
2,"UK",1969,66.2439447048167,5.46190214157104,44.0389823913574,NA,NA,NA,NA,NA
2,"UK",1970,67.5908786577921,6.36189317703247,45.2477378845215,28.8999996185303,NA,NA,NA,NA
2,"UK",1971,68.6857547950061,9.40787506103516,44.9333992004395,NA,NA,NA,NA,43.0785903930664
2,"UK",1972,70.8991374896617,7.08791208267212,43.5590438842773,NA,NA,NA,NA,42.5600814819336
2,"UK",1973,75.4913158205663,9.20985126495361,49.803581237793,NA,NA,NA,NA,42.1353988647461
2,"UK",1974,74.4476389271789,15.9032201766968,60.9621200561523,NA,NA,NA,NA,41.6237487792969
2,"UK",1975,74.3728092631247,24.2350807189941,53.5620613098145,31,NA,NA,NA,40.4881782531738
2,"UK",1976,76.0545075026584,16.5325508117676,58.1697883605957,NA,NA,NA,NA,41.0899200439453
2,"UK",1977,77.7440825489347,15.8819799423218,59.4204177856445,NA,NA,NA,NA,41.3304100036621
2,"UK",1978,80.5324721357962,8.21596240997314,55.6567916870117,NA,NA,NA,NA,41.4658088684082
2,"UK",1979,82.6592099562837,13.4657096862793,55.6903533935547,NA,NA,NA,NA,41.8238716125488
2,"UK",1980,81.178370288685,17.9705905914307,52.3268737792969,32.9000015258789,0.200800001621246,0.226019993424416,17.5879993438721,42.3462982177734
2,"UK",1981,80.0244181009019,11.8798303604126,50.5142097473145,NA,NA,NA,NA,41.894660949707
2,"UK",1982,81.3280296167933,8.5905294418335,50.7524070739746,NA,NA,NA,NA,41.4916915893555
2,"UK",1983,84.147926430625,4.607017993927,52.0913009643555,NA,NA,NA,NA,40.9014511108398
2,"UK",1984,86.1289433263755,4.95340919494629,57.0043296813965,NA,NA,NA,NA,40.3823585510254
2,"UK",1985,88.9252097199795,6.06542110443115,56.6223640441895,35.7000007629395,NA,NA,NA,39.7627792358398
2,"UK",1986,92.5446024181797,3.42761492729187,52.056396484375,NA,NA,NA,NA,39.1343383789062
2,"UK",1987,96.6326651175613,4.14891815185547,51.936164855957,NA,NA,NA,NA,38.0305213928223
2,"UK",1988,101.134260170927,4.9079761505127,49.6491813659668,NA,NA,NA,NA,37.2129898071289
2,"UK",1989,103.044385805994,7.79727077484131,51.6456298828125,NA,NA,NA,NA,36.6296691894531
2,"UK",1990,103.142845890276,9.47558784484863,51.4674606323242,38.5,NA,NA,NA,35.1742401123047
2,"UK",1991,101.579350081164,5.85398101806641,48.2093811035156,NA,NA,NA,NA,33.127010345459
2,"UK",1992,101.572150320963,3.73260092735291,49.3497581481934,NA,NA,NA,NA,31.889669418335
2,"UK",1993,103.774337229284,1.56447398662567,52.5936317443848,NA,NA,NA,NA,31.2709293365479
2,"UK",1994,107.429966370075,2.47644996643066,54.2577590942383,NA,NA,NA,NA,31.6933307647705
2,"UK",1995,109.728706165876,3.4109959602356,57.8968391418457,39.9000015258789,NA,NA,NA,31.9964809417725
2,"UK",1996,112.135198452473,2.44870591163635,59.8495788574219,NA,NA,NA,NA,31.867259979248
2,"UK",1997,115.236752469487,3.13233304023743,57.8405303955078,NA,NA,NA,NA,31.0741291046143
2,"UK",1998,118.456872592573,3.41816997528076,55.9890632629395,NA,NA,NA,NA,29.4609203338623
2,"UK",1999,121.824805000072,1.55538499355316,NA,NA,NA,NA,NA,28.5987701416016
2,"UK",2000,125.816377218075,2.92709994316101,NA,39.0999984741211,NA,NA,NA,28.4766101837158
2,"UK",2001,128.62999239897,1.82085204124451,NA,NA,NA,NA,NA,27.4755191802979
2,"UK",2002,131.035810120863,1.63445794582367,NA,NA,NA,NA,NA,26.9903793334961
2,"UK",2003,134.821104564634,2.91363191604614,NA,NA,NA,NA,NA,26.590160369873
3,"Austria",1960,40.9239494309007,NA,48.1260948181152,48.7000007629395,NA,NA,NA,NA
3,"Austria",1961,42.8577054861959,3.54225611686707,46.5259590148926,NA,NA,NA,NA,NA
3,"Austria",1962,43.6296325469655,4.38178491592407,47.171012878418,NA,NA,NA,NA,NA
3,"Austria",1963,45.1104722145642,2.70877003669739,47.9772529602051,NA,NA,NA,NA,NA
3,"Austria",1964,47.5050214642984,3.86857104301453,48.415096282959,NA,NA,NA,NA,NA
3,"Austria",1965,48.5526367610571,4.93091106414795,49.6133003234863,47.5999984741211,NA,NA,NA,NA
3,"Austria",1966,50.9235555905636,2.20588207244873,50.3164100646973,NA,NA,NA,NA,NA
3,"Austria",1967,52.0853845850892,3.97499990463257,49.6838531494141,NA,NA,NA,NA,NA
3,"Austria",1968,54.1215391280375,2.77310299873352,50.4109153747559,NA,NA,NA,NA,NA
3,"Austria",1969,57.3234610688827,3.08040189743042,54.2325134277344,NA,NA,NA,NA,NA
3,"Austria",1970,61.190973179473,4.37282514572144,59.7119636535645,46.5,NA,NA,NA,NA
3,"Austria",1971,64.0345004135324,4.70426177978516,59.1853675842285,NA,NA,NA,NA,41.2185096740723
3,"Austria",1972,67.618447481391,6.36206293106079,59.0909194946289,NA,NA,NA,NA,41.5256309509277
3,"Austria",1973,70.528927572762,7.52408218383789,59.2624282836914,NA,NA,NA,NA,42.2368202209473
3,"Austria",1974,73.1873498483715,9.52179145812988,64.8117294311523,NA,NA,NA,NA,42.2602691650391
3,"Austria",1975,73.1125201843173,8.44525527954102,61.5981521606445,45.5999984741211,NA,NA,NA,40.1281394958496
3,"Austria",1976,76.5940687645229,7.31868886947632,65.1708679199219,NA,NA,NA,NA,39.3978996276855
3,"Austria",1977,80.1465086054114,5.47499990463257,65.2096862792969,NA,NA,NA,NA,39.0588302612305
3,"Austria",1978,79.9220196132488,3.57904696464539,64.7406692504883,NA,NA,NA,NA,39.2356491088867
3,"Austria",1979,84.4236146666142,3.7070939540863,69.6987152099609,NA,NA,NA,NA,38.1772003173828
3,"Austria",1980,86.3770627387657,6.32538986206055,73.9958572387695,61.7999992370605,0.263379991054535,0.311040014028549,26.6420001983643,38.0964698791504
3,"Austria",1981,86.1171281162617,6.80686187744141,76.0796737670898,NA,NA,NA,NA,37.8308486938477
3,"Austria",1982,87.6452286243157,5.44041395187378,71.6845550537109,NA,NA,NA,NA,36.9045906066895
3,"Austria",1983,90.3627269504943,3.33538103103638,70.5341110229492,NA,NA,NA,NA,36.4104309082031
3,"Austria",1984,90.6462919932259,5.66486406326294,75.5126953125,NA,NA,NA,NA,35.2359504699707
3,"Austria",1985,92.60761687212,3.18969392776489,79.0657348632812,60,NA,NA,NA,35.5824394226074
3,"Austria",1986,94.6752786420385,1.70092105865479,70.9252853393555,NA,NA,NA,NA,35.2915306091309
3,"Austria",1987,96.1324878894096,1.39999997615814,69.6339950561523,NA,NA,NA,NA,34.7919616699219
3,"Austria",1988,98.9011854594147,1.93129503726959,74.9354705810547,NA,NA,NA,NA,34.5833892822266
3,"Austria",1989,102.705683116065,2.56389594078064,78.9068450927734,NA,NA,NA,NA,34.1114501953125
3,"Austria",1990,106.06120278839,3.26232194900513,79.0296630859375,57.9000015258789,NA,NA,NA,34.1105308532715
3,"Austria",1991,109.053488533657,3.33434796333313,78.7690963745117,NA,NA,NA,NA,33.9806098937988
3,"Austria",1992,110.560593700515,4.02976322174072,76.0029067993164,NA,NA,NA,NA,33.0332489013672
3,"Austria",1993,110.673973601532,3.62580609321594,73.3583297729492,NA,NA,NA,NA,32.1862297058105
3,"Austria",1994,113.350243746951,2.95906496047974,75.1496429443359,NA,NA,NA,NA,32.1382789611816
3,"Austria",1995,116.662131952942,2.25009989738464,77.7849426269531,55.7000007629395,NA,NA,NA,32.449649810791
3,"Austria",1996,119.77927885304,1.84355700016022,80.7439193725586,NA,NA,NA,NA,32.2956199645996
3,"Austria",1997,122.772040386333,1.32500004768372,85.257926940918,NA,NA,NA,NA,32.726978302002
3,"Austria",1998,127.511045303813,0.904679715633392,NA,NA,NA,NA,NA,32.8425903320312
3,"Austria",1999,132.36302842199,0.562393009662628,NA,NA,NA,NA,NA,32.9000282287598
3,"Austria",2000,137.041705653791,2.35046195983887,NA,55,NA,NA,NA,32.7748489379883
3,"Austria",2001,138.916245731858,2.65996193885803,NA,NA,NA,NA,NA,32.1685981750488
3,"Austria",2002,141.087737285496,1.81021201610565,NA,NA,NA,NA,NA,31.9847793579102
3,"Austria",2003,142.031115315082,1.36341905593872,NA,NA,NA,NA,NA,31.7371292114258
4,"Belgium",1960,43.6414477570793,NA,77.3417816162109,27.1000003814697,NA,NA,NA,NA
4,"Belgium",1961,45.5318813752905,0.983146071434021,80.0162734985352,NA,NA,NA,NA,NA
4,"Belgium",1962,47.6034815485802,1.40472900867462,82.4377593994141,NA,NA,NA,NA,NA
4,"Belgium",1963,49.3560710487968,2.15334010124207,85.6653900146484,NA,NA,NA,NA,NA
4,"Belgium",1964,52.3610728210783,4.17561817169189,86.6204528808594,NA,NA,NA,NA,NA
4,"Belgium",1965,53.7316371942814,4.05980205535889,85.2619094848633,28.5,NA,NA,NA,NA
4,"Belgium",1966,55.094324760742,4.1738920211792,89.3701248168945,NA,NA,NA,NA,NA
4,"Belgium",1967,56.953251151983,2.9128520488739,86.2396469116211,NA,NA,NA,NA,NA
4,"Belgium",1968,59.1114961994408,2.7033269405365,90.6230163574219,NA,NA,NA,NA,NA
4,"Belgium",1969,62.8923634358631,3.74578189849854,97.9496383666992,NA,NA,NA,NA,NA
4,"Belgium",1970,66.6141546217164,3.91412806510925,100.428131103516,28.7000007629395,NA,NA,NA,NA
4,"Belgium",1971,68.8669213500847,4.34056806564331,97.97509765625,NA,NA,NA,NA,42.502269744873
4,"Belgium",1972,72.214564215667,5.44750022888184,97.5489196777344,NA,NA,NA,NA,41.944149017334
4,"Belgium",1973,76.4010869993305,6.95527791976929,107.77507019043,NA,NA,NA,NA,42.5150909423828
4,"Belgium",1974,79.3706431412705,12.6778898239136,120.517532348633,NA,NA,NA,NA,43.2930107116699
4,"Belgium",1975,78.1024772557205,12.7681999206543,104.77954864502,30.2999992370605,NA,NA,NA,40.0170097351074
4,"Belgium",1976,82.3756449135521,9.15869998931885,110.838104248047,NA,NA,NA,NA,40.1339492797852
4,"Belgium",1977,82.8049308810208,7.11084794998169,109.53759765625,NA,NA,NA,NA,39.4952812194824
4,"Belgium",1978,85.0892048363593,4.47059488296509,105.685623168945,NA,NA,NA,NA,38.4570198059082
4,"Belgium",1979,87.015084084912,4.46908378601074,116.289848327637,NA,NA,NA,NA,38.2092399597168
4,"Belgium",1980,90.819581741562,6.65097522735596,117.168762207031,31.6000003814697,0.268640011548996,0.282460004091263,21.8759994506836,36.84375
4,"Belgium",1981,89.63806073018,7.62827396392822,126.352630615234,NA,NA,NA,NA,34.4651718139648
4,"Belgium",1982,90.862904178646,8.72585105895996,134.42366027832,NA,NA,NA,NA,34.4062004089355
4,"Belgium",1983,90.862904178646,7.66337013244629,137.18913269043,NA,NA,NA,NA,34.1405906677246
4,"Belgium",1984,93.1196093103856,6.3475170135498,146.642852783203,NA,NA,NA,NA,33.4808502197266
4,"Belgium",1985,94.0215036824071,4.86767578125,140.555130004883,32.5999984741211,NA,NA,NA,34.2135009765625
4,"Belgium",1986,95.3920680556103,1.29550099372864,126.711036682129,NA,NA,NA,NA,33.2291488647461
4,"Belgium",1987,97.5621283131818,1.55448305606842,122.646621704102,NA,NA,NA,NA,32.1017990112305
4,"Belgium",1988,102.024339332834,1.16205096244812,129.205612182617,NA,NA,NA,NA,32.8808898925781
4,"Belgium",1989,105.115985979284,3.10544991493225,138.384674072266,NA,NA,NA,NA,33.2294311523438
4,"Belgium",1990,107.959513213343,3.45282292366028,134.006576538086,32.5999984741211,NA,NA,NA,32.6642990112305
4,"Belgium",1991,109.677855005607,3.20855188369751,130.826400756836,NA,NA,NA,NA,30.6616191864014
4,"Belgium",1992,111.061296428823,2.42991399765015,126.435966491699,NA,NA,NA,NA,30.1109294891357
4,"Belgium",1993,109.713085109383,2.75396299362183,120.237991333008,NA,NA,NA,NA,28.9986705780029
4,"Belgium",1994,113.057778637929,2.37779903411865,125.537879943848,NA,NA,NA,NA,28.9236392974854
4,"Belgium",1995,115.67124997714,1.4668140411377,129.36067199707,30.5,NA,NA,NA,29.5344295501709
4,"Belgium",1996,117.444368036985,2.05891895294189,131.874954223633,NA,NA,NA,NA,29.1413097381592
4,"Belgium",1997,121.674147523097,1.62745904922485,141.314376831055,NA,NA,NA,NA,29.2578105926514
4,"Belgium",1998,123.983866128085,0.953622579574585,149.682403564453,NA,NA,NA,NA,28.6395301818848
4,"Belgium",1999,128.280392657712,1.11924195289612,NA,NA,NA,NA,NA,27.9539203643799
4,"Belgium",2000,132.802055210721,2.54624605178833,NA,28,NA,NA,NA,28.0895195007324
4,"Belgium",2001,133.603804673903,2.47127294540405,NA,NA,NA,NA,NA,27.2573795318604
4,"Belgium",2002,135.558637910498,1.64345395565033,NA,NA,NA,NA,NA,27.0109195709229
4,"Belgium",2003,136.223370568417,1.5913120508194,NA,NA,NA,NA,NA,26.4847793579102
5,"Denmark",1960,55.3188137529046,NA,65.7821960449219,46.0999984741211,NA,NA,NA,NA
5,"Denmark",1961,58.4577212398094,3.45162892341614,61.5406723022461,NA,NA,NA,NA,NA
5,"Denmark",1962,61.190973179473,7.37782001495361,60.3373794555664,NA,NA,NA,NA,NA
5,"Denmark",1963,61.0964514985625,6.1050329208374,60.4160423278809,NA,NA,NA,NA,NA
5,"Denmark",1964,66.2912055452719,3.09278297424316,61.6781005859375,NA,NA,NA,NA,NA
5,"Denmark",1965,68.7605844590603,5.44999980926514,61.3887405395508,45.5,NA,NA,NA,NA
5,"Denmark",1966,70.0602575715805,7.06496000289917,59.8727416992188,NA,NA,NA,NA,NA
5,"Denmark",1967,71.797093458312,8.20785331726074,57.8547286987305,NA,NA,NA,NA,NA
5,"Denmark",1968,74.3097948091844,7.95361518859863,57.8798942565918,NA,NA,NA,NA,NA
5,"Denmark",1969,78.6656689378126,3.4879310131073,58.4683265686035,NA,NA,NA,NA,NA
5,"Denmark",1970,79.6384545705171,6.51483678817749,60.3218078613281,44.5,NA,NA,NA,NA
5,"Denmark",1971,81.1980623055413,5.86987686157227,58.4947471618652,NA,NA,NA,NA,31.7803401947021
5,"Denmark",1972,84.9868063487062,6.56234788894653,54.9426231384277,NA,NA,NA,NA,31.5314693450928
5,"Denmark",1973,87.5428301366626,9.30338859558105,60.4651031494141,NA,NA,NA,NA,30.2847309112549
5,"Denmark",1974,86.3258634949391,15.2751998901367,68.1389846801758,NA,NA,NA,NA,29.5870399475098
5,"Denmark",1975,85.5106139970856,9.60561370849609,62.6506462097168,44.9000015258789,NA,NA,NA,29.250560760498
5,"Denmark",1976,90.8156433381907,9,63.9492950439453,NA,NA,NA,NA,28.249870300293
5,"Denmark",1977,92.001102752944,11.1391401290894,62.8429527282715,NA,NA,NA,NA,28.022029876709
5,"Denmark",1978,93.0723484699303,10.008939743042,59.2088584899902,NA,NA,NA,NA,27.5630702972412
5,"Denmark",1979,96.1324878894096,9.61105537414551,62.8859481811523,NA,NA,NA,NA,26.8806400299072
5,"Denmark",1980,95.5929266275452,12.3053197860718,68.16064453125,43.4000015258789,0.293440014123917,0.332839995622635,22.2179985046387,28.2331409454346
5,"Denmark",1981,94.7698003229491,11.7915897369385,74.187370300293,NA,NA,NA,NA,26.5771007537842
5,"Denmark",1982,97.6999724311764,10.089940071106,74.1342926025391,NA,NA,NA,NA,26.7572498321533
5,"Denmark",1983,100.232365798905,6.90730905532837,72.4887313842773,NA,NA,NA,NA,26.9897594451904
5,"Denmark",1984,104.686700011815,6.32207918167114,73.9785842895508,NA,NA,NA,NA,27.2905807495117
5,"Denmark",1985,109.133157417983,4.65237903594971,74.850471496582,42.5,NA,NA,NA,27.6206302642822
5,"Denmark",1986,112.957347091489,3.72127890586853,66.1689071655273,NA,NA,NA,NA,28.2460803985596
5,"Denmark",1987,113.142452049939,3.9850709438324,62.5814819335938,NA,NA,NA,NA,27.9180202484131
5,"Denmark",1988,114.406679532118,4.55019092559814,63.532341003418,NA,NA,NA,NA,27.0860900878906
5,"Denmark",1989,114.639045331023,4.78405284881592,67.0666885375977,NA,NA,NA,NA,27.020679473877
5,"Denmark",1990,115.83631995589,2.65271592140198,66.5846786499023,49.9000015258789,NA,NA,NA,26.5442905426025
5,"Denmark",1991,117.819099747051,2.36795997619629,68.532112121582,NA,NA,NA,NA,26.1695594787598
5,"Denmark",1992,120.411064241288,2.10198092460632,66.4308929443359,NA,NA,NA,NA,26.3453407287598
5,"Denmark",1993,120.710243737493,1.25098502635956,63.9760894775391,NA,NA,NA,NA,25.1901206970215
5,"Denmark",1994,127.443961388471,1.99435698986053,65.6126708984375,NA,NA,NA,NA,25.3115406036377
5,"Denmark",1995,131.369939606851,2.09843611717224,66.7178573608398,47,NA,NA,NA,25.7575092315674
5,"Denmark",1996,135.187438484623,2.1113600730896,66.0738067626953,NA,NA,NA,NA,25.9511299133301
5,"Denmark",1997,139.809630690206,2.19579100608826,68.5870666503906,NA,NA,NA,NA,26.0451507568359
5,"Denmark",1998,143.205188638256,1.85317802429199,NA,NA,NA,NA,NA,26.0006408691406
5,"Denmark",1999,147.782380250538,2.47868490219116,NA,NA,NA,NA,NA,26.2222995758057
5,"Denmark",2000,153.681137222384,2.92477893829346,NA,46.5,NA,NA,NA,27.1849098205566
5,"Denmark",2001,155.274960510234,2.34999990463257,NA,NA,NA,NA,NA,26.2820301055908
5,"Denmark",2002,156.391513877935,2.42631506919861,NA,NA,NA,NA,NA,26.4006690979004
5,"Denmark",2003,157.469746577681,2.09062004089355,NA,NA,NA,NA,NA,26.4053897857666
6,"France",1960,46.4416525540546,NA,26.9196224212646,25.7000007629395,NA,NA,NA,NA
6,"France",1961,48.450238273404,2.41456198692322,26.2115497589111,NA,NA,NA,NA,NA
6,"France",1962,50.6439289512032,5.24725008010864,24.8985595703125,NA,NA,NA,NA,NA
6,"France",1963,52.4989169390729,4.93969011306763,25.0059089660645,NA,NA,NA,NA,NA
6,"France",1964,55.3621361899886,3.22933793067932,25.6229610443115,NA,NA,NA,NA,NA
6,"France",1965,57.5361348509314,2.71474003791809,25.7495040893555,25.7999992370605,NA,NA,NA,NA
6,"France",1966,59.9149304871805,2.570720911026,26.4759407043457,NA,NA,NA,NA,NA
6,"France",1967,62.1952660391477,2.81831908226013,26.1884574890137,NA,NA,NA,NA,NA
6,"France",1968,64.4519711708873,4.55212879180908,26.5713195800781,NA,NA,NA,NA,NA
6,"France",1969,68.3391752983341,6.03932619094849,28.7395801544189,NA,NA,NA,NA,NA
6,"France",1970,71.6277421133473,5.84547519683838,31.0858306884766,26,NA,NA,NA,NA
6,"France",1971,74.3609940530109,5.39751386642456,31.7609615325928,NA,NA,NA,NA,38.6492691040039
6,"France",1972,76.9918475050215,6.06300401687622,32.391918182373,NA,NA,NA,NA,38.6978988647461
6,"France",1973,80.5049033121972,7.38059711456299,34.2793388366699,NA,NA,NA,NA,37.9406700134277
6,"France",1974,82.3205072663542,13.6493196487427,42.3909645080566,NA,NA,NA,NA,37.5677680969238
6,"France",1975,81.3398448269072,11.6859302520752,36.9275054931641,26.7999992370605,NA,NA,NA,37.6620903015137
6,"France",1976,84.5378283643811,9.62549304962158,39.8923721313477,NA,NA,NA,NA,37.4907684326172
6,"France",1977,87.3419715647277,9.49455642700195,40.8498649597168,NA,NA,NA,NA,36.8810195922852
6,"France",1978,89.393879721161,9.25055885314941,39.4885292053223,NA,NA,NA,NA,36.2300605773926
6,"France",1979,91.8671970383207,10.6467399597168,41.8790512084961,NA,NA,NA,NA,35.8407287597656
6,"France",1980,92.6982001496593,13.5391101837158,44.2693176269531,34.5,0.278059989213943,0.328700006008148,27.2360000610352,36.0303001403809
6,"France",1981,93.1629317474696,13.3333301544189,46.1019401550293,NA,NA,NA,NA,35.1729888916016
6,"France",1982,94.9942893151117,11.9784803390503,45.5013046264648,NA,NA,NA,NA,34.0986404418945
6,"France",1983,95.7032019219408,9.459547996521,45.1278381347656,NA,NA,NA,NA,33.5145797729492
6,"France",1984,96.5657122602497,7.67380285263062,47.646427154541,NA,NA,NA,NA,33.1211585998535
6,"France",1985,97.4951754558702,5.83109903335571,47.1591758728027,36.2999992370605,NA,NA,NA,32.7871284484863
6,"France",1986,99.3974242841952,2.53852701187134,41.3446731567383,NA,NA,NA,NA,31.8039493560791
6,"France",1987,101.437517230515,3.28889799118042,41.1443710327148,NA,NA,NA,NA,30.9401798248291
6,"France",1988,105.403489425387,2.7008171081543,42.5264549255371,NA,NA,NA,NA,30.7439498901367
6,"France",1989,108.605411366232,3.49830198287964,45.6864433288574,NA,NA,NA,NA,30.221960067749
6,"France",1990,110.783348430546,3.38005709648132,45.1305694580078,36.9000015258789,NA,NA,NA,29.6999797821045
6,"France",1991,111.434223907215,3.2169349193573,45.0474700927734,NA,NA,NA,NA,29.5201606750488
6,"France",1992,112.716332767373,2.36576509475708,44.0261192321777,NA,NA,NA,NA,29.1571292877197
6,"France",1993,111.599229326773,2.10600996017456,41.8412094116211,NA,NA,NA,NA,27.4512500762939
6,"France",1994,113.851275483972,1.66087305545807,43.4013786315918,NA,NA,NA,NA,27.1809501647949
6,"France",1995,115.863353497763,1.77811598777771,44.6914100646973,37.2999992370605,NA,NA,NA,27.275899887085
6,"France",1996,117.114902046612,2.00836205482483,45.6044616699219,NA,NA,NA,NA,26.6066093444824
6,"France",1997,119.498270525405,1.20032203197479,49.3604011535645,NA,NA,NA,NA,26.0412292480469
6,"France",1998,123.362914571997,0.672597110271454,NA,NA,NA,NA,NA,25.9456405639648
6,"France",1999,127.149823252868,0.5,NA,NA,NA,NA,NA,25.492639541626
6,"France",2000,131.580802185542,1.6915420293808,NA,37.2999992370605,NA,NA,NA,25.4811897277832
6,"France",2001,133.59102597992,1.66340494155884,NA,NA,NA,NA,NA,25.5016994476318
6,"France",2002,134.507402055866,1.9249279499054,NA,NA,NA,NA,NA,25.3081207275391
6,"France",2003,135.055847077503,2.10103893280029,NA,NA,NA,NA,NA,24.4735698699951
7,"West Germany",1960,48.3714702059785,NA,35.4596824645996,61,NA,NA,NA,44.9872436523438
7,"West Germany",1961,49.9192627308889,2.51572322845459,33.836784362793,NA,NA,NA,NA,NA
7,"West Germany",1962,51.6167145839077,2.76073622703552,33.4663772583008,NA,NA,NA,NA,NA
7,"West Germany",1963,52.64463786381,2.98507452011108,34.1606292724609,NA,NA,NA,NA,NA
7,"West Germany",1964,55.3818282068449,2.31884050369263,34.5661392211914,NA,NA,NA,NA,NA
7,"West Germany",1965,57.6661021621834,3.39943337440491,35.8167991638184,58.9000015258789,NA,NA,NA,NA
7,"West Germany",1966,58.9342680477335,3.56164383888245,36.6282272338867,NA,NA,NA,NA,NA
7,"West Germany",1967,58.9933440983025,1.58730161190033,37.2266616821289,NA,NA,NA,NA,NA
7,"West Germany",1968,61.9235162065299,1.04166662693024,39.090160369873,NA,NA,NA,NA,NA
7,"West Germany",1969,65.5389705013587,2.06185555458069,40.5712356567383,NA,NA,NA,NA,NA
7,"West Germany",1970,68.0437950454886,3.28282833099365,40.3183784484863,57,NA,NA,NA,38.2170143127441
7,"West Germany",1971,69.5403883265724,5.13447427749634,39.7399139404297,NA,NA,NA,NA,48.0012588500977
7,"West Germany",1972,72.0767200976724,5.34883737564087,39.2300033569336,NA,NA,NA,NA,46.946891784668
7,"West Germany",1973,75.1211059036666,6.84326696395874,40.759880065918,NA,NA,NA,NA,46.5343589782715
7,"West Germany",1974,75.7276200228427,6.81818199157715,48.3936882019043,NA,NA,NA,NA,45.708869934082
7,"West Germany",1975,75.5897759048482,5.9961314201355,46.4578285217285,46.7999992370605,NA,NA,NA,43.3700904846191
7,"West Germany",1976,79.6266393604033,4.37956190109253,49.1030807495117,NA,NA,NA,NA,43.6136093139648
7,"West Germany",1977,82.0645110472215,3.49650359153748,48.5647850036621,NA,NA,NA,NA,43.1660194396973
7,"West Germany",1978,84.4669371036982,2.53378367424011,47.0717926025391,NA,NA,NA,NA,42.9650802612305
7,"West Germany",1979,87.8460871962507,3.78912687301636,49.4857521057129,NA,NA,NA,NA,43.0809898376465
7,"West Germany",1980,88.6022606435351,5.2380952835083,53.3361854553223,52.5,0.337379992008209,0.325639992952347,27.0179977416992,36.0420303344727
7,"West Germany",1981,88.8228112323264,6.33484172821045,56.6734199523926,NA,NA,NA,NA,35.4234886169434
7,"West Germany",1982,88.1414674490961,5.39007091522217,57.3418388366699,NA,NA,NA,NA,34.7784729003906
7,"West Germany",1983,89.9531329998818,3.23014807701111,55.4826393127441,NA,NA,NA,NA,35.0851440429688
7,"West Germany",1984,92.8045370406837,2.34680581092834,58.7918128967285,NA,NA,NA,NA,34.5158500671387
7,"West Germany",1985,95.0454885589382,2.03821659088135,61.5194320678711,58.5,NA,NA,NA,34.8513870239258
7,"West Germany",1986,97.1092119254854,-0.249687895178795,55.1174125671387,NA,NA,NA,NA,34.3667945861816
7,"West Germany",1987,98.5664211728565,0.125156447291374,52.9148750305176,NA,NA,NA,NA,34.0901870727539
7,"West Germany",1988,101.449332440629,1.125,53.910343170166,NA,NA,NA,NA,33.7723350524902
7,"West Germany",1989,103.946280178016,2.84301614761353,57.664852142334,NA,NA,NA,NA,33.9627304077148
7,"West Germany",1990,100,2.76442313194275,58.361499786377,56.2000007629395,NA,NA,NA,NA
7,"West Germany",1991,105.430901917423,3.74269008636475,NA,NA,NA,NA,NA,NA
7,"West Germany",1992,105.699173932481,4.05862474441528,NA,NA,NA,NA,NA,NA
7,"West Germany",1993,102.614045759324,3.68364024162292,NA,NA,NA,NA,NA,NA
7,"West Germany",1994,103.821269827081,2.82131671905518,NA,NA,NA,NA,NA,NA
7,"West Germany",1995,104.357813857195,1.62601625919342,NA,NA,NA,NA,NA,NA
7,"West Germany",1996,104.894357887309,1.29999995231628,NA,NA,NA,NA,NA,NA
7,"West Germany",1997,106.63812598518,1.77690029144287,NA,NA,NA,NA,NA,NA
7,"West Germany",1998,109.052574120694,0.872938871383667,NA,NA,NA,NA,NA,NA
7,"West Germany",1999,111.19875024115,0.673076927661896,NA,NA,NA,NA,NA,NA
7,"West Germany",2000,114.418014421835,NA,NA,NA,NA,NA,NA,NA
7,"West Germany",2001,116.161782519706,NA,NA,NA,NA,NA,NA,NA
7,"West Germany",2002,115.356966474535,NA,NA,NA,NA,NA,NA,NA
7,"West Germany",2003,114.418014421835,NA,NA,NA,NA,NA,NA,NA
8,"Italy",1960,37.1391437911071,NA,26.573429107666,13.8999996185303,NA,NA,NA,NA
8,"Italy",1961,40.006301445394,2.70270299911499,26.8832817077637,NA,NA,NA,NA,NA
8,"Italy",1962,42.8577054861959,3.94736790657043,27.1172370910645,NA,NA,NA,NA,NA
8,"Italy",1963,45.5909574258596,7.59493684768677,27.7854709625244,NA,NA,NA,NA,NA
8,"Italy",1964,47.0009058327754,5.88235282897949,26.755199432373,NA,NA,NA,NA,NA
8,"Italy",1965,47.6980032294908,4.44444513320923,27.677755355835,14.1000003814697,NA,NA,NA,NA
8,"Italy",1966,49.8562482769485,3.19148898124695,29.0300559997559,NA,NA,NA,NA,NA
8,"Italy",1967,53.0739238312788,3.09278297424316,29.300256729126,NA,NA,NA,NA,NA
8,"Italy",1968,57.1580481272892,2,29.876672744751,NA,NA,NA,NA,NA
8,"Italy",1969,60.0527746051751,1.96078395843506,31.8447685241699,NA,NA,NA,NA,NA
8,"Italy",1970,61.0137450277657,4.80769300460815,32.8541870117188,17.5,NA,NA,NA,NA
8,"Italy",1971,61.7659800716789,5.50458717346191,33.2246589660645,NA,NA,NA,NA,40.3853797912598
8,"Italy",1972,63.1522980583671,5.21739101409912,34.7335395812988,NA,NA,NA,NA,39.5148696899414
8,"Italy",1973,66.7559371430822,10.743800163269,36.7418556213379,NA,NA,NA,NA,40.6850395202637
8,"Italy",1974,69.3434681580087,19.4029808044434,44.558479309082,NA,NA,NA,NA,42.3225898742676
8,"Italy",1975,67.4372809263125,16.875,41.3247718811035,18.6000003814697,NA,NA,NA,41.3136901855469
8,"Italy",1976,71.4702059784963,16.5775394439697,45.4257011413574,NA,NA,NA,NA,42.2116203308105
8,"Italy",1977,73.2503643023118,17.4311904907227,45.8513336181641,NA,NA,NA,NA,41.677619934082
8,"Italy",1978,75.7354968295853,12.1093797683716,45.1147422790527,NA,NA,NA,NA,41.0450706481934
8,"Italy",1979,79.8511283525659,14.6341495513916,47.7063064575195,NA,NA,NA,NA,40.675708770752
8,"Italy",1980,82.5449962585168,21.2765998840332,46.6543960571289,29.2000007629395,0.372779995203018,0.324519991874695,26.7280006408691,40.3795585632324
8,"Italy",1981,82.8679453349612,17.794490814209,48.8362464904785,NA,NA,NA,NA,39.0386505126953
8,"Italy",1982,83.1908944114056,16.3829803466797,47.1121978759766,NA,NA,NA,NA,38.1329803466797
8,"Italy",1983,84.0652199598283,14.6252298355103,43.4841156005859,NA,NA,NA,NA,36.9585304260254
8,"Italy",1984,86.1250049230042,10.845290184021,45.8058891296387,NA,NA,NA,NA,36.5284194946289
8,"Italy",1985,88.4919853491395,9.20863342285156,46.1084747314453,30.2999992370605,NA,NA,NA,36.0999412536621
8,"Italy",1986,91.0007482966405,5.79710102081299,38.9410285949707,NA,NA,NA,NA,34.8969993591309
8,"Italy",1987,93.8285219172148,4.73225402832031,38.3682518005371,NA,NA,NA,NA,34.5780982971191
8,"Italy",1988,97.4479146154149,5.11296081542969,37.9626846313477,NA,NA,NA,NA,34.4410705566406
8,"Italy",1989,100.24811941239,6.22171878814697,40.1673393249512,NA,NA,NA,NA,34.5543403625488
8,"Italy",1990,102.410302863219,6.49627304077148,40.0452003479004,31.5,NA,NA,NA,33.8979988098145
8,"Italy",1991,104.644807229636,6.30000019073486,37.9885864257812,NA,NA,NA,NA,32.9108009338379
8,"Italy",1992,106.181760637562,5.0799617767334,39.3454055786133,NA,NA,NA,NA,32.3886909484863
8,"Italy",1993,105.952495857292,4.47627592086792,42.4313163757324,NA,NA,NA,NA,31.3542499542236
8,"Italy",1994,108.968760573043,4.02742099761963,45.0742874145508,NA,NA,NA,NA,31.3013591766357
8,"Italy",1995,112.899658522097,5.24437093734741,51.2473983764648,32.4000015258789,NA,NA,NA,31.5012893676758
8,"Italy",1996,115.124554384383,3.97452402114868,48.172119140625,NA,NA,NA,NA,30.5021305084229
8,"Italy",1997,117.997321007957,2.04310607910156,50.3156318664551,NA,NA,NA,NA,30.06422996521
8,"Italy",1998,120.71060264037,1.96293997764587,NA,NA,NA,NA,NA,29.9100303649902
8,"Italy",1999,123.431457629333,1.65562903881073,NA,NA,NA,NA,NA,29.3114109039307
8,"Italy",2000,128.85266452991,2.53768706321716,NA,32,NA,NA,NA,29.0427398681641
8,"Italy",2001,131.981541872493,2.78516602516174,NA,NA,NA,NA,NA,28.7429294586182
8,"Italy",2002,133.039478520818,2.46532011032104,NA,NA,NA,NA,NA,28.2801399230957
8,"Italy",2003,133.581975372537,2.67255902290344,NA,NA,NA,NA,NA,27.8048191070557
9,"Netherlands",1960,52.0223701311488,NA,90.887092590332,11.1000003814697,NA,NA,NA,NA
9,"Netherlands",1961,51.4906856760269,1.73209297657013,88.2129135131836,NA,NA,NA,NA,NA
9,"Netherlands",1962,54.2318144224331,2.28603792190552,86.7037734985352,NA,NA,NA,NA,NA
9,"Netherlands",1963,55.4448426607853,3.34318399429321,87.9121704101562,NA,NA,NA,NA,NA
9,"Netherlands",1964,59.2414635106928,5.79088401794434,86.5398178100586,NA,NA,NA,NA,NA
9,"Netherlands",1965,61.5099838525462,5.79489803314209,83.9297714233398,13.6000003814697,NA,NA,NA,NA
9,"Netherlands",1966,62.3764325942263,5.79687023162842,82.3814239501953,NA,NA,NA,NA,NA
9,"Netherlands",1967,64.9167027686976,3.48679304122925,79.591178894043,NA,NA,NA,NA,NA
9,"Netherlands",1968,68.3903745421606,3.67561292648315,79.6544647216797,NA,NA,NA,NA,NA
9,"Netherlands",1969,71.9546295931629,7.42824983596802,82.7846527099609,NA,NA,NA,NA,NA
9,"Netherlands",1970,75.1250443070379,3.67993688583374,88.7379302978516,45.7999992370605,NA,NA,NA,NA
9,"Netherlands",1971,77.3344885983222,7.47758007049561,88.5360260009766,NA,NA,NA,NA,37.2011299133301
9,"Netherlands",1972,79.0792012917963,7.79174995422363,84.7172012329102,NA,NA,NA,NA,36.9602012634277
9,"Netherlands",1973,82.1196486944193,8.01351928710938,88.922119140625,NA,NA,NA,NA,36.77001953125
9,"Netherlands",1974,84.7308101295735,9.60936737060547,102.140228271484,NA,NA,NA,NA,36.934268951416
9,"Netherlands",1975,83.9588830688039,10.2127304077148,93.6381759643555,44.2999992370605,NA,NA,NA,35.5705299377441
9,"Netherlands",1976,87.1647434130204,9.05748653411865,95.7662048339844,NA,NA,NA,NA,35.7635116577148
9,"Netherlands",1977,89.0000393840337,6.47410297393799,91.1966171264648,NA,NA,NA,NA,35.207820892334
9,"Netherlands",1978,90.5517703123154,4.08001708984375,87.713752746582,NA,NA,NA,NA,34.1318893432617
9,"Netherlands",1979,91.9499035091174,4.21045398712158,96.2868041992188,NA,NA,NA,NA,34.0844688415527
9,"Netherlands",1980,92.3082982159033,6.73332023620605,102.657455444336,44.0999984741211,0.293680012226105,0.307779997587204,21.8400001525879,34.5179786682129
9,"Netherlands",1981,91.1858532550904,6.74846601486206,109.611946105957,NA,NA,NA,NA,34.7464714050293
9,"Netherlands",1982,89.7168287976055,5.86206912994385,107.339302062988,NA,NA,NA,NA,34.0689315795898
9,"Netherlands",1983,90.9219802292151,2.82301902770996,106.949783325195,NA,NA,NA,NA,33.9065704345703
9,"Netherlands",1984,93.5370800677405,3.27349495887756,114.404731750488,NA,NA,NA,NA,34.5517807006836
9,"Netherlands",1985,95.9434445275885,2.22392606735229,116.799827575684,44.7000007629395,NA,NA,NA,34.8681602478027
9,"Netherlands",1986,98.0386751211059,0.100024998188019,97.6088256835938,NA,NA,NA,NA,32.4193305969238
9,"Netherlands",1987,98.7948485683904,-0.707802474498749,96.819709777832,NA,NA,NA,NA,30.7618408203125
9,"Netherlands",1988,100.720727816943,0.746393799781799,101.08154296875,NA,NA,NA,NA,30.9686603546143
9,"Netherlands",1989,104.808790516325,1.08216094970703,106.491394042969,NA,NA,NA,NA,30.665979385376
9,"Netherlands",1990,108.365168760584,3.28546905517578,103.682121276855,45.4000015258789,NA,NA,NA,30.7194900512695
9,"Netherlands",1991,110.774610244942,3.13333296775818,103.300956726074,NA,NA,NA,NA,30.4198799133301
9,"Netherlands",1992,112.463990561862,3.18358111381531,99.6378707885742,NA,NA,NA,NA,29.3456707000732
9,"Netherlands",1993,113.741072182228,2.58418202400208,94.706428527832,NA,NA,NA,NA,28.6541309356689
9,"Netherlands",1994,117.079106681815,2.80152702331543,95.985481262207,NA,NA,NA,NA,28.5445804595947
9,"Netherlands",1995,120.831581341202,2.09528207778931,99.4950332641602,46.2999992370605,NA,NA,NA,28.7462291717529
9,"Netherlands",1996,125.287460824096,2.01666688919067,101.011428833008,NA,NA,NA,NA,28.4331798553467
9,"Netherlands",1997,130.753544474368,2.1565101146698,104.899932861328,NA,NA,NA,NA,27.830150604248
9,"Netherlands",1998,136.617510032997,1.98304796218872,NA,NA,NA,NA,NA,27.1060009002686
9,"Netherlands",1999,143.393630003088,2.2110710144043,NA,NA,NA,NA,NA,26.3130397796631
9,"Netherlands",2000,149.265292338464,2.52378010749817,NA,45.4000015258789,NA,NA,NA,26.7989807128906
9,"Netherlands",2001,152.165023624889,4.53423118591309,NA,NA,NA,NA,NA,26.6281604766846
9,"Netherlands",2002,152.231592653948,3.46706795692444,NA,NA,NA,NA,NA,25.8276805877686
9,"Netherlands",2003,152.825641312113,2.1146399974823,NA,NA,NA,NA,NA,NA
10,"Norway",1960,45.2246859123311,NA,73.6809616088867,21.2999992370605,NA,NA,NA,NA
10,"Norway",1961,47.6783112126344,2.4511079788208,72.1399765014648,NA,NA,NA,NA,NA
10,"Norway",1962,48.6274664251113,5.26851606369019,69.3447875976562,NA,NA,NA,NA,NA
10,"Norway",1963,50.10830609271,2.58704090118408,70.4397964477539,NA,NA,NA,NA,NA
10,"Norway",1964,52.2074750895987,5.67994403839111,71.7810821533203,NA,NA,NA,NA,NA
10,"Norway",1965,54.5547634988776,4.25959014892578,71.817253112793,22.3999996185303,NA,NA,NA,NA
10,"Norway",1966,56.1537552676145,3.2513370513916,72.5337982177734,NA,NA,NA,NA,NA
10,"Norway",1967,59.1548186365248,4.43339490890503,74.7730560302734,NA,NA,NA,NA,NA
10,"Norway",1968,59.9582529242645,3.47153401374817,73.593620300293,NA,NA,NA,NA,NA
10,"Norway",1969,62.1440667953212,3.06748509407043,72.0303573608398,NA,NA,NA,NA,NA
10,"Norway",1970,62.9475010830609,10.5654802322388,74.1399307250977,31.1000003814697,NA,NA,NA,NA
10,"Norway",1971,65.7398290732937,6.25841188430786,73.0029067993164,NA,NA,NA,NA,31.9446792602539
10,"Norway",1972,68.5636642904966,7.21975898742676,70.4283828735352,NA,NA,NA,NA,32.2304306030273
10,"Norway",1973,71.0881808514828,7.44240999221802,76.5048446655273,NA,NA,NA,NA,32.2722091674805
10,"Norway",1974,73.612697412469,9.41451358795166,83.2790298461914,NA,NA,NA,NA,33.0865287780762
10,"Norway",1975,77.0351699421055,11.707070350647,78.767204284668,34.7999992370605,NA,NA,NA,34.6241188049316
10,"Norway",1976,81.1704934819424,9.17575645446777,79.9323348999023,NA,NA,NA,NA,34.2097015380859
10,"Norway",1977,84.277893741877,9.04315567016602,78.6998291015625,NA,NA,NA,NA,34.0764007568359
10,"Norway",1978,86.88511677366,8.1515064239502,72.2550048828125,NA,NA,NA,NA,35.433521270752
10,"Norway",1979,90.4690638415186,4.75982522964478,77.2737426757812,NA,NA,NA,NA,38.2797393798828
10,"Norway",1980,94.6437714150683,10.8962097167969,80.3301620483398,39.2999992370605,0.336959987878799,0.374179989099503,31.5939998626709,40.388729095459
10,"Norway",1981,95.2266551140168,13.6370496749878,79.6488952636719,NA,NA,NA,NA,40.6809196472168
10,"Norway",1982,95.0769957859084,11.3720598220825,78.1888732910156,NA,NA,NA,NA,40.8482093811035
10,"Norway",1983,98.1607656256154,8.41104793548584,76.3154602050781,NA,NA,NA,NA,42.0479698181152
10,"Norway",1984,103.662715135284,6.27910804748535,77.4801712036133,NA,NA,NA,NA,43.4685401916504
10,"Norway",1985,108.731440274113,5.6658239364624,78.7447052001953,41,NA,NA,NA,42.8528518676758
10,"Norway",1986,112.260249694774,7.18676805496216,72.8535690307617,NA,NA,NA,NA,36.2704696655273
10,"Norway",1987,114.028592808475,8.72593212127686,67.6951141357422,NA,NA,NA,NA,35.8069190979004
10,"Norway",1988,113.370879445473,6.69848394393921,67.4008865356445,NA,NA,NA,NA,34.0041999816895
10,"Norway",1989,113.985270371391,4.55544185638428,73.2936325073242,NA,NA,NA,NA,35.5253982543945
10,"Norway",1990,115.922964830058,4.11303281784058,74.7346420288086,69.5999984741211,NA,NA,NA,35.6604385375977
10,"Norway",1991,122.59334072211,3.42068290710449,72.6228485107422,NA,NA,NA,NA,34.5520210266113
10,"Norway",1992,130.12959489372,2.34211611747742,69.547248840332,NA,NA,NA,NA,34.1705513000488
10,"Norway",1993,137.133302254488,2.271488904953,70.1258010864258,NA,NA,NA,NA,33.7640419006348
10,"Norway",1994,147.661918332543,1.3985550403595,70.5862274169922,NA,NA,NA,NA,34.2585792541504
10,"Norway",1995,157.708630199576,2.4564049243927,70.1032028198242,66.6999969482422,NA,NA,NA,35.3527793884277
10,"Norway",1996,169.87571765732,1.25869405269623,72.6195831298828,NA,NA,NA,NA,37.720100402832
10,"Norway",1997,183.35819476225,2.5807409286499,75.4621734619141,NA,NA,NA,NA,38.2629013061523
10,"Norway",1998,192.811347828277,2.25568604469299,74.2820892333984,NA,NA,NA,NA,33.8202896118164
10,"Norway",1999,201.367346209723,2.33313894271851,NA,NA,NA,NA,NA,35.7114601135254
10,"Norway",2000,212.831163513838,3.08606791496277,NA,62.5,NA,NA,NA,42.9529495239258
10,"Norway",2001,222.828471072222,3.01737809181213,NA,NA,NA,NA,NA,40.8741989135742
10,"Norway",2002,231.737285682818,1.28814601898193,NA,NA,NA,NA,NA,37.9083709716797
10,"Norway",2003,239.660744043694,2.47539710998535,NA,NA,NA,NA,NA,37.5162391662598
12,"Switzerland",1960,64.4258178279084,NA,53.2535018920898,21.7999992370605,NA,NA,NA,NA
12,"Switzerland",1961,68.1641634711346,1.84537100791931,54.5931816101074,NA,NA,NA,NA,NA
12,"Switzerland",1962,70.0798569965645,4.31561613082886,54.494743347168,NA,NA,NA,NA,NA
12,"Switzerland",1963,72.6156469361184,3.4397189617157,53.6922302246094,NA,NA,NA,NA,NA
12,"Switzerland",1964,75.5994110619749,3.08131408691406,53.6607131958008,NA,NA,NA,NA,NA
12,"Switzerland",1965,77.990281955744,3.41451692581177,55.1585884094238,22.2999992370605,NA,NA,NA,NA
12,"Switzerland",1966,79.6523894197764,4.77613115310669,55.5187339782715,NA,NA,NA,NA,NA
12,"Switzerland",1967,81.6913573341878,4.02147817611694,54.6138954162598,NA,NA,NA,NA,NA
12,"Switzerland",1968,84.2636618310383,2.41235089302063,56.8370971679688,NA,NA,NA,NA,NA
12,"Switzerland",1969,87.8566142592062,2.48900699615479,60.6941604614258,NA,NA,NA,NA,NA
12,"Switzerland",1970,92.469740329341,3.61602711677551,63.5890426635742,38,NA,NA,NA,36.2663612365723
12,"Switzerland",1971,96.4395972159434,6.5730128288269,60.3338890075684,NA,NA,NA,NA,35.9869613647461
12,"Switzerland",1972,99.8657433816859,6.66019201278687,58.8192863464355,NA,NA,NA,NA,35.7075614929199
12,"Switzerland",1973,102.41311951068,8.75504112243652,59.547981262207,NA,NA,NA,NA,35.4281616210938
12,"Switzerland",1974,101.288922740215,9.76674747467041,63.3784217834473,NA,NA,NA,NA,35.1487655639648
12,"Switzerland",1975,96.3648210115748,6.69645309448242,56.7231254577637,36.4000015258789,NA,NA,NA,34.7762336730957
12,"Switzerland",1976,97.4869335941233,1.71586203575134,60.4321136474609,NA,NA,NA,NA,34.4968338012695
12,"Switzerland",1977,100.155832560369,1.28526997566223,66.9028091430664,NA,NA,NA,NA,34.2174377441406
12,"Switzerland",1978,103.023907285549,1.05581402778625,64.0697402954102,NA,NA,NA,NA,33.9380378723145
12,"Switzerland",1979,104.923378172644,3.64764308929443,67.3141021728516,NA,NA,NA,NA,33.6586380004883
12,"Switzerland",1980,107.934820354646,4.02202606201172,72.8321151733398,54.2999992370605,0.335240006446838,0.337440013885498,30.9639987945557,32.8699989318848
12,"Switzerland",1981,109.210290918932,6.49021911621094,72.3698654174805,NA,NA,NA,NA,32.689998626709
12,"Switzerland",1982,108.939972814481,5.65521192550659,67.8742599487305,NA,NA,NA,NA,32.2000007629395
12,"Switzerland",1983,110.312036091938,2.96768689155579,68.3494338989258,NA,NA,NA,NA,31.8999996185303
12,"Switzerland",1984,111.516216747703,2.91120791435242,72.1682205200195,NA,NA,NA,NA,31.9200000762939
12,"Switzerland",1985,115.855036212083,3.42998600006104,74.6524124145508,53.5999984741211,NA,NA,NA,32.0099983215332
12,"Switzerland",1986,121.491844577634,0.740740716457367,70.6219940185547,NA,NA,NA,NA,31.8899993896484
12,"Switzerland",1987,125.140290493901,1.44796395301819,69.5821914672852,NA,NA,NA,NA,31.4599990844727
12,"Switzerland",1988,127.930793077364,1.88447797298431,71.420036315918,NA,NA,NA,NA,31.6100006103516
12,"Switzerland",1989,131.210219252514,3.16296410560608,75.5448913574219,NA,NA,NA,NA,31.6900005340576
12,"Switzerland",1990,134.89031546611,5.37873983383179,72.0016098022461,53.7999992370605,NA,NA,NA,31.3400001525879
12,"Switzerland",1991,134.412358343911,5.87939214706421,68.5863800048828,NA,NA,NA,NA,30.7900009155273
12,"Switzerland",1992,135.310945195644,4.04107618331909,67.8686065673828,NA,NA,NA,NA,29.9899997711182
12,"Switzerland",1993,136.369318446596,3.2717969417572,66.7102127075195,NA,NA,NA,NA,29.5799999237061
12,"Switzerland",1994,139.513322942873,0.858407080173492,66.5856323242188,NA,NA,NA,NA,30.4099998474121
12,"Switzerland",1995,141.799180393629,1.79871904850006,66.1572570800781,54.7999992370605,NA,NA,NA,29.8299999237061
12,"Switzerland",1996,144.620103472751,0.818824410438538,67.9402770996094,NA,NA,NA,NA,28.8099994659424
12,"Switzerland",1997,150.311044671797,0.521501183509827,75.3406524658203,NA,NA,NA,NA,28.1900005340576
12,"Switzerland",1998,157.105027667937,0.017009699717164,NA,NA,NA,NA,NA,27.4300003051758
12,"Switzerland",1999,161.835441208866,0.824829876422882,NA,NA,NA,NA,NA,27.4300003051758
12,"Switzerland",2000,170.34029283448,1.54339194297791,NA,55,NA,NA,NA,26.7600002288818
12,"Switzerland",2001,174.859748656881,0.988372087478638,NA,NA,NA,NA,NA,27.3500003814697
12,"Switzerland",2002,176.969464558519,0.641500115394592,NA,NA,NA,NA,NA,26.7800006866455
12,"Switzerland",2003,178.96734780183,0.629239201545715,NA,NA,NA,NA,NA,26.4500007629395
14,"Japan",1960,25.0246150210705,NA,20.9543437957764,30.8999996185303,NA,NA,NA,NA
14,"Japan",1961,27.785435784333,5.40472602844238,20.1230869293213,NA,NA,NA,NA,NA
14,"Japan",1962,29.9870032688748,6.77319288253784,18.6711025238037,NA,NA,NA,NA,NA
14,"Japan",1963,32.2003859635304,7.66137981414795,18.8619899749756,NA,NA,NA,NA,NA
14,"Japan",1964,35.5834744594541,3.83817410469055,19.1327304840088,NA,NA,NA,NA,NA
14,"Japan",1965,37.253357488874,6.59340715408325,19.6008033752441,36.7000007629395,NA,NA,NA,NA
14,"Japan",1966,40.841242960104,5.07966279983521,19.557243347168,NA,NA,NA,NA,NA
14,"Japan",1967,44.8977984325155,3.97788095474243,19.0520896911621,NA,NA,NA,NA,NA
14,"Japan",1968,50.1161828994526,5.36970281600952,19.0746746063232,NA,NA,NA,NA,NA
14,"Japan",1969,55.7087156866606,5.24259185791016,19.4847984313965,NA,NA,NA,NA,NA
14,"Japan",1970,60.9822378007956,7.67326688766479,20.3304920196533,33,NA,NA,NA,NA
14,"Japan",1971,63.0302075538577,6.41697216033936,20.7020473480225,NA,NA,NA,NA,45.1707191467285
14,"Japan",1972,67.3860816824859,4.82402181625366,18.8586101531982,NA,NA,NA,NA,44.578239440918
14,"Japan",1973,71.7813398448269,11.6459302902222,20.0469169616699,NA,NA,NA,NA,45.3577308654785
14,"Japan",1974,69.9657358906699,23.1545696258545,27.9450531005859,NA,NA,NA,NA,43.6329002380371
14,"Japan",1975,71.2142097593636,11.782790184021,25.5524272918701,38.0999984741211,NA,NA,NA,41.4054794311523
14,"Japan",1976,73.2543027056831,9.34922122955322,26.3120956420898,NA,NA,NA,NA,41.4841003417969
14,"Japan",1977,75.7354968295853,8.15870380401611,24.5525188446045,NA,NA,NA,NA,40.436939239502
14,"Japan",1978,79.0043716277421,4.21079778671265,20.4997844696045,NA,NA,NA,NA,40.6921615600586
14,"Japan",1979,82.6355795360561,3.73078799247742,24.0382385253906,NA,NA,NA,NA,40.600471496582
14,"Japan",1980,84.2975857587334,7.7787070274353,28.2803859710693,39.9000015258789,0.31988000869751,0.419580012559891,34.9860000610352,41.0001487731934
14,"Japan",1981,86.3455555117955,4.91130781173706,28.6490306854248,NA,NA,NA,NA,40.9164199829102
14,"Japan",1982,88.3777716513725,2.73697590827942,28.3561344146729,NA,NA,NA,NA,40.3206214904785
14,"Japan",1983,89.8152888818873,1.88232898712158,26.0969886779785,NA,NA,NA,NA,39.4726600646973
14,"Japan",1984,92.7415225867433,2.27157998085022,27.261157989502,NA,NA,NA,NA,39.8345108032227
14,"Japan",1985,96.2427631838053,2.0236918926239,25.5411834716797,41.9000015258789,NA,NA,NA,39.594409942627
14,"Japan",1986,98.428577054862,0.619254887104034,18.7448711395264,NA,NA,NA,NA,39.0124588012695
14,"Japan",1987,102.020400929463,0.125011995434761,17.5562019348145,NA,NA,NA,NA,38.9423599243164
14,"Japan",1988,107.884683549289,0.672301173210144,17.794942855835,NA,NA,NA,NA,39.1117706298828
14,"Japan",1989,112.642274821787,2.2800989151001,19.7800598144531,NA,NA,NA,NA,39.0440101623535
14,"Japan",1990,117.951242566264,3.05941605567932,20.647310256958,44.5,NA,NA,NA,39.3625297546387
14,"Japan",1991,121.450241176168,3.24011206626892,18.7308292388916,NA,NA,NA,NA,39.0235481262207
14,"Japan",1992,122.003129023793,1.72701001167297,17.8826808929443,NA,NA,NA,NA,37.8588409423828
14,"Japan",1993,121.778028704311,1.28403997421265,16.3112106323242,NA,NA,NA,NA,36.3800582885742
14,"Japan",1994,122.623871551911,0.706202685832977,16.4412403106689,NA,NA,NA,NA,34.9277305603027
14,"Japan",1995,125.584961741422,-0.126732006669044,17.3140201568604,46.7999992370605,NA,NA,NA,34.2171897888184
14,"Japan",1996,129.117239124018,0.135352298617363,19.3323497772217,NA,NA,NA,NA,33.9178504943848
14,"Japan",1997,130.118124537823,1.73185801506042,20.9999008178711,NA,NA,NA,NA,33.7139511108398
14,"Japan",1998,128.227271931258,0.656037211418152,21.1449871063232,NA,NA,NA,NA,32.7045516967773
14,"Japan",1999,127.582669018709,-0.338255912065506,NA,NA,NA,NA,NA,32.4295501708984
14,"Japan",2000,130.797557465206,-0.670529782772064,NA,47.9000015258789,NA,NA,NA,32.2311592102051
14,"Japan",2001,130.937702596778,-0.733394384384155,NA,NA,NA,NA,NA,30.9619197845459
14,"Japan",2002,130.736877145035,-0.915120482444763,NA,NA,NA,NA,NA,30.3985195159912
14,"Japan",2003,132.408916823159,-0.25419420003891,NA,NA,NA,NA,NA,NA
16,"Greece",1960,19.7510929069355,NA,21.3125305175781,7.90000009536743,NA,NA,NA,NA
16,"Greece",1961,21.2988854318459,1.9342360496521,21.1723194122314,NA,NA,NA,NA,NA
16,"Greece",1962,21.9644756015911,-0.379506587982178,21.9260234832764,NA,NA,NA,NA,NA
16,"Greece",1963,24.1109054389351,2.85714292526245,23.0880870819092,NA,NA,NA,NA,NA
16,"Greece",1964,25.997400653775,0.92592591047287,23.2946681976318,NA,NA,NA,NA,NA
16,"Greece",1965,28.3053050293411,3.11926603317261,24.2456398010254,9.80000019073486,NA,NA,NA,NA
16,"Greece",1966,29.8137135205388,4.98220586776733,24.7165603637695,NA,NA,NA,NA,NA
16,"Greece",1967,31.0818794060888,1.69491505622864,23.642068862915,NA,NA,NA,NA,NA
16,"Greece",1968,33.058957898468,0.333333313465118,23.1032028198242,NA,NA,NA,NA,NA
16,"Greece",1969,36.1978653853728,2.49169397354126,23.4652824401855,NA,NA,NA,NA,NA
16,"Greece",1970,38.9901933756055,2.91734194755554,23.46262550354,10.6000003814697,NA,NA,NA,NA
16,"Greece",1971,41.5856011972746,2.99212598800659,23.7287559509277,NA,NA,NA,NA,36.1180801391602
16,"Greece",1972,46.4534677641684,4.28134489059448,26.1850280761719,NA,NA,NA,NA,36.3235702514648
16,"Greece",1973,48.0563979362766,15.542519569397,32.5339469909668,NA,NA,NA,NA,36.5349388122559
16,"Greece",1974,46.1423338978378,26.9035491943359,34.3408088684082,NA,NA,NA,NA,34.1111488342285
16,"Greece",1975,48.4778070970029,13.3666696548462,35.980827331543,12.8999996185303,NA,NA,NA,33.0677299499512
16,"Greece",1976,50.8802331534796,13.3122596740723,35.6682548522949,NA,NA,NA,NA,33.0441703796387
16,"Greece",1977,51.8215115592139,12.1699600219727,34.5882949829102,NA,NA,NA,NA,33.7307281494141
16,"Greece",1978,54.5862707258477,12.5325298309326,34.6520004272461,NA,NA,NA,NA,32.8633689880371
16,"Greece",1979,55.8977590484817,19.0461502075195,35.0824279785156,NA,NA,NA,NA,34.1089782714844
16,"Greece",1980,56.319168209208,24.8748092651367,38.5904426574707,19.7000007629395,0.265659987926483,0.342579990625381,24.0020008087158,32.9426002502441
16,"Greece",1981,55.8465598046552,24.4589595794678,39.1153526306152,NA,NA,NA,NA,32.5716781616211
16,"Greece",1982,55.7402229136308,20.9189796447754,38.697322845459,NA,NA,NA,NA,30.6606407165527
16,"Greece",1983,55.6575164428341,20.2416706085205,40.9749755859375,NA,NA,NA,NA,31.3106002807617
16,"Greece",1984,56.9217439250128,18.4489593505859,42.3308067321777,NA,NA,NA,NA,30.4617290496826
16,"Greece",1985,58.4852900634083,19.3025608062744,44.3637924194336,23.7000007629395,NA,NA,NA,30.4569396972656
16,"Greece",1986,59.2611555275491,23.021089553833,43.6802101135254,NA,NA,NA,NA,31.0904197692871
16,"Greece",1987,58.855499980308,16.3849506378174,46.1113128662109,NA,NA,NA,NA,29.9609909057617
16,"Greece",1988,61.4233389783782,13.5267496109009,44.2468452453613,NA,NA,NA,NA,29.3748092651367
16,"Greece",1989,63.4752471348116,13.6999998092651,45.6703567504883,NA,NA,NA,NA,28.5359001159668
16,"Greece",1990,62.8726714190067,20.4045696258545,44.8811912536621,28.7000007629395,NA,NA,NA,28.1967391967773
16,"Greece",1991,64.6279761090486,19.4728507995605,43.1499900817871,NA,NA,NA,NA,26.5280208587646
16,"Greece",1992,65.1646794772008,15.8659000396729,43.4493598937988,NA,NA,NA,NA,25.6612300872803
16,"Greece",1993,64.3193048890906,14.4144897460938,41.3099594116211,NA,NA,NA,NA,25.5077800750732
16,"Greece",1994,65.8669924626384,10.9227895736694,40.2825698852539,NA,NA,NA,NA,24.3635101318359
16,"Greece",1995,67.5365176583782,8.93705654144287,40.8180809020996,31.7999992370605,NA,NA,NA,23.08669090271
16,"Greece",1996,69.7867645243917,8.1962194442749,40.4013404846191,NA,NA,NA,NA,23.0256900787354
16,"Greece",1997,73.2082056159789,5.53897285461426,39.6848411560059,NA,NA,NA,NA,21.59255027771
16,"Greece",1998,76.3211765072342,4.76622581481934,NA,NA,NA,NA,NA,22.3433208465576
16,"Greece",1999,79.0695891263929,2.63678288459778,NA,NA,NA,NA,NA,22.2958393096924
16,"Greece",2000,82.5699334673628,3.15012502670288,NA,33.7999992370605,NA,NA,NA,22.828010559082
16,"Greece",2001,86.3053746639465,3.37499594688416,NA,NA,NA,NA,NA,23.4864501953125
16,"Greece",2002,90.1656457715928,3.62922811508179,NA,NA,NA,NA,NA,23.2104301452637
16,"Greece",2003,96.018535415548,3.53055691719055,NA,NA,NA,NA,NA,23.8300094604492
18,"Portugal",1960,18.5577566854397,NA,37.3539390563965,3.5,NA,NA,NA,NA
18,"Portugal",1961,19.5817415619708,1.54900205135345,39.9828948974609,NA,NA,NA,NA,NA
18,"Portugal",1962,20.9050450947186,2.66207098960876,38.3217887878418,NA,NA,NA,NA,NA
18,"Portugal",1963,21.9959828285613,2.02157306671143,39.3773651123047,NA,NA,NA,NA,NA
18,"Portugal",1964,23.3389783781655,3.40000009536743,50.4197845458984,NA,NA,NA,NA,NA
18,"Portugal",1965,25.0600606514119,3.48162508010864,52.9027366638184,3.90000009536743,NA,NA,NA,NA
18,"Portugal",1966,26.1391831751408,5.04672908782959,52.8059158325195,NA,NA,NA,NA,NA
18,"Portugal",1967,28.1320152810051,5.51601409912109,51.5495986938477,NA,NA,NA,NA,NA
18,"Portugal",1968,30.5895789846796,6.0708270072937,49.7948379516602,NA,NA,NA,NA,NA
18,"Portugal",1969,31.3063683982514,7.40251207351685,48.1764144897461,NA,NA,NA,NA,NA
18,"Portugal",1970,34.3586310109881,4.53333282470703,50.2115821838379,6.80000019073486,NA,NA,NA,NA
18,"Portugal",1971,36.8555787483754,7.49607515335083,51.9070472717285,NA,NA,NA,NA,35.1377601623535
18,"Portugal",1972,39.8960261509984,8.94486999511719,53.7332572937012,NA,NA,NA,NA,35.9455909729004
18,"Portugal",1973,44.3385451537946,10.3552303314209,54.8876075744629,NA,NA,NA,NA,35.9634590148926
18,"Portugal",1974,44.2440234728841,27.9684200286865,62.6334266662598,NA,NA,NA,NA,37.5444793701172
18,"Portugal",1975,40.9121342207869,20.4081592559814,48.22216796875,9.60000038146973,NA,NA,NA,35.211498260498
18,"Portugal",1976,42.7749990153992,18.2499008178711,43.7753372192383,NA,NA,NA,NA,34.7253799438477
18,"Portugal",1977,44.9844433066835,27.1916694641113,47.0373153686523,NA,NA,NA,NA,34.7241706848145
18,"Portugal",1978,46.0793194438974,22.6429901123047,47.753604888916,NA,NA,NA,NA,33.1532096862793
18,"Portugal",1979,48.5447599543145,23.5375804901123,58.9299583435059,NA,NA,NA,NA,31.9478092193604
18,"Portugal",1980,50.4982080264661,16.6918907165527,62.9790802001953,10.6000003814697,0.240820005536079,0.297980010509491,26.488000869751,32.8777694702148
18,"Portugal",1981,50.9393092040487,20.0407600402832,64.5105667114258,NA,NA,NA,NA,33.9398498535156
18,"Portugal",1982,51.9790476940648,22.7302207946777,64.7309417724609,NA,NA,NA,NA,33.6452217102051
18,"Portugal",1983,51.8215115592139,25.105640411377,68.4471817016602,NA,NA,NA,NA,34.4960784912109
18,"Portugal",1984,50.7817730691977,28.7833309173584,74.8538436889648,NA,NA,NA,NA,32.8418083190918
18,"Portugal",1985,52.1444606356583,19.6453990936279,71.5099945068359,13.6999998092651,NA,NA,NA,32.8225784301758
18,"Portugal",1986,54.2475680359182,11.7631101608276,62.8007354736328,NA,NA,NA,NA,30.6445407867432
18,"Portugal",1987,57.6621637588122,9.34314823150635,69.239013671875,NA,NA,NA,NA,30.3726291656494
18,"Portugal",1988,61.9471466267575,9.69704818725586,73.4291763305664,NA,NA,NA,NA,32.4745101928711
18,"Portugal",1989,65.1136229372612,12.6165504455566,75.0415649414062,NA,NA,NA,NA,32.3443908691406
18,"Portugal",1990,67.9610885746918,13.3724603652954,75.1777496337891,14.8000001907349,NA,NA,NA,31.7134799957275
18,"Portugal",1991,70.693585527049,10.926230430603,69.9081802368164,NA,NA,NA,NA,30.2844390869141
18,"Portugal",1992,73.2485058120824,8.94166660308838,65.1422500610352,NA,NA,NA,NA,30.2791996002197
18,"Portugal",1993,72.9389672878449,6.50195121765137,62.4486885070801,NA,NA,NA,NA,29.6025695800781
18,"Portugal",1994,74.1169170884639,5.21439409255981,65.6057205200195,NA,NA,NA,NA,30.643669128418
18,"Portugal",1995,75.8616451553245,4.12314796447754,68.5744476318359,14.6999998092651,NA,NA,NA,31.4980792999268
18,"Portugal",1996,78.5290508110447,3.12069702148438,69.2218170166016,NA,NA,NA,NA,31.7415409088135
18,"Portugal",1997,81.9588775761271,2.16161203384399,71.5498886108398,NA,NA,NA,NA,31.6394901275635
18,"Portugal",1998,85.7867697080566,2.71643996238708,NA,NA,NA,NA,NA,31.1362895965576
18,"Portugal",1999,88.9682234569373,2.30388593673706,NA,NA,NA,NA,NA,30.4158496856689
18,"Portugal",2000,92.0485216896936,2.84672093391418,NA,14.8999996185303,NA,NA,NA,29.9934196472168
18,"Portugal",2001,93.5424824762598,4.39475679397583,NA,NA,NA,NA,NA,29.3924503326416
18,"Portugal",2002,94.1138972077213,3.54505205154419,NA,NA,NA,NA,NA,28.6881809234619
18,"Portugal",2003,93.2516200718171,3.28333306312561,NA,NA,NA,NA,NA,NA
19,"Spain",1960,19.8377377811035,NA,16.2498188018799,3.90000009536743,NA,NA,NA,NA
19,"Spain",1961,22.0038596353039,2.00591897964478,17.638801574707,NA,NA,NA,NA,NA
19,"Spain",1962,23.9573077074554,5.63475894927979,19.606128692627,NA,NA,NA,NA,NA
19,"Spain",1963,26.1470599818833,8.80462741851807,19.6797199249268,NA,NA,NA,NA,NA
19,"Spain",1964,27.352211413493,6.95018720626831,21.4923915863037,NA,NA,NA,NA,NA
19,"Spain",1965,29.2229530148478,13.2363796234131,22.7087936401367,4.59999990463257,NA,NA,NA,NA
19,"Spain",1966,31.0385569690048,6.19411516189575,23.890323638916,NA,NA,NA,NA,NA
19,"Spain",1967,32.35398369501,6.41457509994507,21.746919631958,NA,NA,NA,NA,NA
19,"Spain",1968,33.8938994131779,4.9633150100708,24.6574020385742,NA,NA,NA,NA,NA
19,"Spain",1969,36.6547201764405,2.12445211410522,26.0330924987793,NA,NA,NA,NA,NA
19,"Spain",1970,37.4581544641802,5.75761699676514,27.450756072998,5.80000019073486,NA,NA,NA,NA
19,"Spain",1971,38.9665629553779,8.23604106903076,27.574125289917,NA,NA,NA,NA,40.6672210693359
19,"Spain",1972,42.5190027962664,8.28936576843262,28.9265918731689,NA,NA,NA,NA,41.6932907104492
19,"Spain",1973,45.8351384348785,11.3902101516724,29.8868942260742,NA,NA,NA,NA,42.2326698303223
19,"Spain",1974,48.7889409633335,15.7173404693604,33.6029739379883,NA,NA,NA,NA,43.1722984313965
19,"Spain",1975,49.7065889488401,16.9256591796875,30.8514022827148,8.19999980926514,NA,NA,NA,42.0832214355469
19,"Spain",1976,51.4079792052302,17.6293106079102,31.890625,NA,NA,NA,NA,41.3842506408691
19,"Spain",1977,52.5461777795282,24.5266895294189,30.9793949127197,NA,NA,NA,NA,40.5218086242676
19,"Spain",1978,53.4559489582923,19.7842102050781,29.5208683013916,NA,NA,NA,NA,39.4325714111328
19,"Spain",1979,53.8812965223898,15.6690101623535,29.6263198852539,NA,NA,NA,NA,38.9656105041504
19,"Spain",1980,55.1691544247962,15.5498895645142,33.5229454040527,13.3000001907349,0.251760005950928,0.313239991664886,24.568000793457,38.5675506591797
19,"Spain",1981,54.7241148438423,14.5570402145386,37.4252052307129,NA,NA,NA,NA,37.6730194091797
19,"Spain",1982,55.3148753495333,14.4079599380493,38.388614654541,NA,NA,NA,NA,37.0618095397949
19,"Spain",1983,56.0710487968178,12.1774501800537,41.8935356140137,NA,NA,NA,NA,36.7944984436035
19,"Spain",1984,56.3506754361782,11.2743301391602,43.4470100402832,NA,NA,NA,NA,35.9207992553711
19,"Spain",1985,57.8551455240046,8.81752681732178,43.4996795654297,17.6000003814697,NA,NA,NA,36.2090682983398
19,"Spain",1986,60.0094521680911,8.7965030670166,37.5777626037598,NA,NA,NA,NA,36.6543006896973
19,"Spain",1987,64.0699460438738,5.2462592124939,38.5427780151367,NA,NA,NA,NA,36.0940704345703
19,"Spain",1988,68.0241030286322,4.84047889709473,38.8391571044922,NA,NA,NA,NA,35.9314002990723
19,"Spain",1989,72.3051474932063,6.79146814346313,39.4524536132812,NA,NA,NA,NA,36.2181587219238
19,"Spain",1990,75.6764207790162,6.71793985366821,37.5026893615723,25.5,NA,NA,NA,35.4766502380371
19,"Spain",1991,78.6028893808627,5.93532705307007,37.4070816040039,NA,NA,NA,NA,34.6885108947754
19,"Spain",1992,80.0644627656914,5.92572402954102,38.0396499633789,NA,NA,NA,NA,32.8619003295898
19,"Spain",1993,78.9907432378063,4.56863594055176,39.409481048584,NA,NA,NA,NA,31.1682090759277
19,"Spain",1994,81.4223717676964,4.7184681892395,44.3964385986328,NA,NA,NA,NA,30.5505504608154
19,"Spain",1995,84.7626985495872,4.67475318908691,47.8529014587402,28.6000003814697,NA,NA,NA,30.98291015625
19,"Spain",1996,87.3737417194142,3.55850601196289,50.073299407959,NA,NA,NA,NA,30.4586696624756
19,"Spain",1997,91.030739515812,1.97070801258087,55.558650970459,NA,NA,NA,NA,30.4414005279541
19,"Spain",1998,95.6435796835963,1.83353698253632,57.125301361084,NA,NA,NA,NA,30.1966705322266
19,"Spain",1999,100.624393064114,2.31067204475403,NA,NA,NA,NA,NA,29.989200592041
19,"Spain",2000,106.316648104808,3.43261408805847,NA,30.7000007629395,NA,NA,NA,30.1937007904053
19,"Spain",2001,110.880050462629,3.5911009311676,NA,NA,NA,NA,NA,29.928840637207
19,"Spain",2002,113.242183262055,3.0667769908905,NA,NA,NA,NA,NA,29.6847591400146
19,"Spain",2003,115.678251852466,3.03347396850586,NA,NA,NA,NA,NA,29.586519241333
20,"Australia",1960,55.1888464416526,NA,31.2664394378662,50.4000015258789,NA,NA,NA,NA
20,"Australia",1961,54.3223976999724,2.51213192939758,29.8210735321045,NA,NA,NA,NA,NA
20,"Australia",1962,56.6696861092513,-0.278474003076553,30.1585445404053,NA,NA,NA,NA,NA
20,"Australia",1963,59.0090977117876,0.530578076839447,32.0553970336914,NA,NA,NA,NA,NA
20,"Australia",1964,61.8289945256193,2.36111092567444,31.5272846221924,NA,NA,NA,NA,NA
20,"Australia",1965,63.7312433539443,3.96200799942017,31.0355987548828,48.9000015258789,NA,NA,NA,NA
20,"Australia",1966,64.2904966326651,2.9757239818573,29.9731521606445,NA,NA,NA,NA,NA
20,"Australia",1967,67.3782048757434,3.1939160823822,30.1141929626465,NA,NA,NA,NA,NA
20,"Australia",1968,69.9854279075263,2.65291094779968,28.3485946655273,NA,NA,NA,NA,NA
20,"Australia",1969,72.5768973258241,2.91935896873474,29.8211421966553,NA,NA,NA,NA,NA
20,"Australia",1970,75.4834390138238,3.90606808662415,28.9624328613281,48.2999992370605,NA,NA,NA,NA
20,"Australia",1971,77.1533220432437,6.06399583816528,27.8074722290039,NA,NA,NA,NA,37.2935905456543
20,"Australia",1972,77.8701114568154,5.8649787902832,27.7029895782471,NA,NA,NA,NA,36.8008804321289
20,"Australia",1973,80.8436060021267,9.46592235565186,29.4404029846191,NA,NA,NA,NA,35.435848236084
20,"Australia",1974,81.5170729786145,15.1101398468018,31.6386108398438,NA,NA,NA,NA,36.8867607116699
20,"Australia",1975,82.6789019731401,15.0719604492188,28.9004058837891,47,NA,NA,NA,37.104549407959
20,"Australia",1976,85.1207120633295,13.5239095687866,31.2076168060303,NA,NA,NA,NA,36.6652908325195
20,"Australia",1977,85.0380055925328,12.3002395629883,30.8630962371826,NA,NA,NA,NA,35.9993591308594
20,"Australia",1978,86.4400771927061,7.9236741065979,32.1513214111328,NA,NA,NA,NA,35.6528205871582
20,"Australia",1979,89.897995352684,9.09000110626221,34.958309173584,NA,NA,NA,NA,35.8105697631836
20,"Australia",1980,90.4730022448899,10.1265802383423,33.8612518310547,47.5,0.317299991846085,0.317979991436005,29.6959991455078,37.0266990661621
20,"Australia",1981,92.0326099799141,9.69174480438232,33.1737251281738,NA,NA,NA,NA,35.9243392944336
20,"Australia",1982,90.4730022448899,11.1455097198486,31.6577377319336,NA,NA,NA,NA,34.7436714172363
20,"Australia",1983,89.3899413177898,10.1135597229004,30.6781387329102,NA,NA,NA,NA,34.8256988525391
20,"Australia",1984,94.5571265409003,3.9501850605011,34.640998840332,NA,NA,NA,NA,35.2996597290039
20,"Australia",1985,98.1725808357292,6.73904895782471,35.2462463378906,48.4000015258789,NA,NA,NA,35.0728797912598
20,"Australia",1986,98.9169390728999,9.08453178405762,34.7444000244141,NA,NA,NA,NA,32.7778587341309
20,"Australia",1987,102.284273955339,8.48874568939209,34.7234382629395,NA,NA,NA,NA,31.3588104248047
20,"Australia",1988,105.163246819739,7.23177194595337,34.0836944580078,NA,NA,NA,NA,29.8751792907715
20,"Australia",1989,107.939821196487,7.55942487716675,34.3585357666016,NA,NA,NA,NA,29.9609107971191
20,"Australia",1990,107.805915481864,7.2722601890564,34.4617691040039,48.4000015258789,NA,NA,NA,28.9668006896973
20,"Australia",1991,105.790535856349,3.22268009185791,35.2376403808594,NA,NA,NA,NA,28.1679992675781
20,"Australia",1992,108.543099040362,0.98591548204422,37.692569732666,NA,NA,NA,NA,27.9716606140137
20,"Australia",1993,112.7268550213,1.81310999393463,38.3517913818359,NA,NA,NA,NA,28.0091800689697
20,"Australia",1994,117.538384957012,1.89497697353363,39.7184295654297,NA,NA,NA,NA,28.1399192810059
20,"Australia",1995,120.869845377701,4.63813591003418,40.1532592773438,48.5999984741211,NA,NA,NA,27.8276500701904
20,"Australia",1996,125.006773058976,2.61242008209229,39.9773788452148,NA,NA,NA,NA,27.1023197174072
20,"Australia",1997,129.408033478802,0.250417411327362,42.1767997741699,NA,NA,NA,NA,27.0766906738281
20,"Australia",1998,135.233505699252,0.853455424308777,41.3649597167969,NA,NA,NA,NA,26.283130645752
20,"Australia",1999,140.014255074529,1.46542799472809,NA,NA,NA,NA,NA,26.1907291412354
20,"Australia",2000,144.157555810896,4.47518301010132,NA,43.5999984741211,NA,NA,NA,25.5666809082031
20,"Australia",2001,146.807889602259,4.38084077835083,NA,NA,NA,NA,NA,25.4391002655029
20,"Australia",2002,151.892660739387,3.00317096710205,NA,NA,NA,NA,NA,25.949520111084
20,"Australia",2003,155.660096874664,2.77073502540588,NA,NA,NA,NA,NA,NA
21,"New Zealand",1960,59.4186916624001,NA,52.5488243103027,58,NA,NA,NA,NA
21,"New Zealand",1961,61.1752195659879,1.83028304576874,52.9445686340332,NA,NA,NA,NA,NA
21,"New Zealand",1962,61.0885746918199,2.69607901573181,48.8036842346191,NA,NA,NA,NA,NA
21,"New Zealand",1963,63.6052144460636,1.90930795669556,53.8449592590332,NA,NA,NA,NA,NA
21,"New Zealand",1964,65.4011263833642,3.43481707572937,50.796028137207,NA,NA,NA,NA,NA
21,"New Zealand",1965,68.2958528612501,3.39622592926025,44.7816429138184,54.2999992370605,NA,NA,NA,NA
21,"New Zealand",1966,71.3284234571305,2.77372288703918,45.9671669006348,NA,NA,NA,NA,NA
21,"New Zealand",1967,67.0591942026702,6.10795497894287,39.7797660827637,NA,NA,NA,NA,NA
21,"New Zealand",1968,66.2006222677327,4.2838020324707,44.6637725830078,NA,NA,NA,NA,NA
21,"New Zealand",1969,72.2618250561222,4.87804889678955,46.9085235595703,NA,NA,NA,NA,NA
21,"New Zealand",1970,70.2414241266591,6.54834699630737,48.3240242004395,54.5,NA,NA,NA,NA
21,"New Zealand",1971,72.6714190067347,10.3030300140381,45.4815254211426,NA,NA,NA,NA,34.0293998718262
21,"New Zealand",1972,74.3925012799811,6.77655696868896,47.4312400817871,NA,NA,NA,NA,33.2089385986328
21,"New Zealand",1973,77.9961403646962,8.2332763671875,49.5734062194824,NA,NA,NA,NA,32.4518013000488
21,"New Zealand",1974,80.8514828088693,11.2519798278809,55.4585151672363,NA,NA,NA,NA,35.5166015625
21,"New Zealand",1975,78.4017959119373,14.5299100875854,54.8892478942871,57.0999984741211,NA,NA,NA,34.5290412902832
21,"New Zealand",1976,79.4021503682407,16.7910404205322,57.8892822265625,NA,NA,NA,NA,34.7120208740234
21,"New Zealand",1977,75.2628884250325,14.5899896621704,56.7964744567871,NA,NA,NA,NA,32.9546585083008
21,"New Zealand",1978,75.5464534677642,11.8959102630615,55.0418663024902,NA,NA,NA,NA,32.5010795593262
21,"New Zealand",1979,77.1139380095309,13.7043199539185,61.8975448608398,NA,NA,NA,NA,32.6574897766113
21,"New Zealand",1980,77.5117167500295,17.0927696228027,62.0868110656738,46.0999984741211,0.26664000749588,0.295159995555878,25.5219993591309,32.1857604980469
21,"New Zealand",1981,80.8829900358395,15.3462295532227,62.4466667175293,NA,NA,NA,NA,34.0144500732422
21,"New Zealand",1982,81.5840258359261,16.1709003448486,62.3515548706055,NA,NA,NA,NA,34.5559310913086
21,"New Zealand",1983,82.7655468473081,7.35567998886108,61.9133720397949,NA,NA,NA,NA,33.4037094116211
21,"New Zealand",1984,85.790240636446,6.20121383666992,70.5738830566406,NA,NA,NA,NA,34.5864295959473
21,"New Zealand",1985,85.7784254263322,15.3940401077271,64.6128692626953,46.5999984741211,NA,NA,NA,33.268138885498
21,"New Zealand",1986,87.1332361860502,13.2178201675415,55.4810409545898,NA,NA,NA,NA,31.9199504852295
21,"New Zealand",1987,87.2041274467331,15.7411499023438,52.3977928161621,NA,NA,NA,NA,30.2294101715088
21,"New Zealand",1988,86.7315190421803,6.37514209747314,50.6252555847168,NA,NA,NA,NA,28.5874290466309
21,"New Zealand",1989,87.0662833287385,7.49060297012329,53.8193054199219,NA,NA,NA,NA,29.190990447998
21,"New Zealand",1990,85.9241463510693,5.50660800933838,54.5350112915039,24.1000003814697,NA,NA,NA,27.9219207763672
21,"New Zealand",1991,83.2022938894279,1.67014598846436,56.4281311035156,NA,NA,NA,NA,27.3391990661621
21,"New Zealand",1992,83.0729838929609,1.02669405937195,61.1405410766602,NA,NA,NA,NA,27.1183795928955
21,"New Zealand",1993,86.241879363752,1.42276394367218,59.2633399963379,NA,NA,NA,NA,27.0692100524902
21,"New Zealand",1994,90.8859754914643,2.40480995178223,60.4364700317383,NA,NA,NA,NA,27.7684803009033
21,"New Zealand",1995,93.5445759518071,3.73983693122864,58.5961112976074,26.6000003814697,NA,NA,NA,26.9903202056885
21,"New Zealand",1996,95.7868851537542,2.29885101318359,57.0310707092285,NA,NA,NA,NA,26.7421607971191
21,"New Zealand",1997,97.6807910377314,1.17466795444489,57.1320991516113,NA,NA,NA,NA,26.5067901611328
21,"New Zealand",1998,97.9142835820967,1.28722894191742,NA,NA,NA,NA,NA,25.2765693664551
21,"New Zealand",1999,101.878589980469,-0.12459509819746,NA,NA,NA,NA,NA,25.5129795074463
21,"New Zealand",2000,105.639862389439,2.61976099014282,NA,26.2999992370605,NA,NA,NA,25.2916793823242
21,"New Zealand",2001,106.995858906326,2.62582111358643,NA,NA,NA,NA,NA,NA
21,"New Zealand",2002,110.534661711426,2.677090883255,NA,NA,NA,NA,NA,NA
21,"New Zealand",2003,113.726465881758,1.75357604026794,NA,NA,NA,NA,NA,NA
